ed9eaeb6a707f50154024b24d7efcb874a9795dd,8.535800967995893
ba12c0a2cb367af0467e479c03507c71a805d291,7.793466812874617
b7298b0fe50443a623af9b56792b330c2d052845,8.086599556108924
c60be70309789b39355dc612f36e37090ccad5dc,7.204348921945411
a22a58c5be8aa2c2700619e37f2b7a6e4efa7e6b,7.772060332539884
d5841f944022e9ef49bf6ac9b5546dd82ab2784f,8.254228534733725
eb451c65ea210bed6af798282c2c6205c79f71fd,7.858362074932937
c3e73d0362e2b21fae6edfcf518063e8a28b7b63,8.056410560633546
df9e2c6cfb6035fa5b26af3b101bacf64e95e913,8.306481096782502
99103791231143dd15aa77f2aeb87b2cd4a1c22e,7.708124978011778
e2ed5ffddf1e60198f9f138810f84b7107ca0561,7.60995223237578
8554d1155712da4bc72ec5921db3227311265359,7.973263217728696
89fe8b96c04597a0fb63dca3a86e5f36e7580940,8.579342455445888
8b65dcf807a9de0c95c0896919da04523176fab8,7.19911409158679
b6e252e4989b3b422d69eae06831ad0bfd396126,7.338585530144901
9e0457ac0f2824c5e725d83bdeee91ed078343b4,8.682624104409419
c9c6d1fdb1bc64d7137f0fb7050e334cbb7c0f6e,8.44768496360838
ed6c052a16794cf2376b1497c505b438e9af69b6,7.76284705994457
c5d903eea354607809419b5e23c869ea16626a59,8.575856709944798
927008a1eb1983b52fe269b504f398ca185603c3,8.049640494504432
fd29d68d81bf469540c56ab7074ad748cd72203c,7.216033129515952
d6f54f87ad964bd1cea20ffceea962f8b6236da3,7.949054257995648
97983f3249349cfcb409b75d5f53e5cbab2bfa5a,7.574086480826091
b72f0fecebc0120609eb4643631055b2e7a31fd7,8.28679605696578
f3a7769633f8060ffee4a0295c55ec9be084e3c0,7.551889669234834
abf736b0441172883ba772951733e73d557598ab,7.222206126392259
af99c21153a5cd9289febb0cc7d1f8cbee810621,7.042368374254563
f5a2b63a98287f49a07f6101717dd4c1048b9903,7.644621813025355
a9947ca4f64f3122a22c7827ae089d48db8fd76d,8.301393488132383
d28c344507f89c41df926794e0d5a96d10349014,8.066245538395545
ac6522ed2e2b8a808bb80970ccffcb6572183349,8.620739666098926
8cf96ad1e77c722694ef03a06a781d61d632f2c0,7.800083323408545
92de4c1319bb3b07781b63801e4599302764dc5f,7.767017277127949
f0cbea39c26f2cf588e04885ddc1a439564bd782,8.453219880429598
f1299639d65fd743440958354f22154e171500d0,7.051002391892872
943f8910b7d79d76726a7c50a996a39a00fb033b,7.893640426823446
fc4d0cb084cf3b98bbe820a9fc36fd437940969e,7.41835677938977
c084f1399d2813131b70acb3920068a454cea6d5,7.223119730483753
979ddec134899a31461a05d820b9d6cad713715b,7.830469654445534
f7d331120e9b3a15cf4a0028849bf050846d5d6a,8.24870124671585
8866a6da23ad8a2abfb243905e0b5e2c98e366bc,7.633548558932732
f408354e704d901dac2f283fc8242d2787ee4813,8.051017438762226
e594aa5283c8b2076ece870504b4b6b2e9c29ca9,7.440192405528387
c5b963fdd21435b56c4cf55f49d652d92fc83093,7.748985688794135
948fbf59cd52083820e8e1682a5bc2a34793997a,8.62232773951716
c399382ea2553528d9b44a9aa6492cee7cf0b5c0,7.873995243381892
d2a2d2ee79d993c9821f176d9a248223ee59b3c7,7.944960487489
911daa5a6058823b007274f35ba038da7ec89a11,7.771590583412096
a5b034cb2c29d312a2e5475da6174e196cfc3c1b,8.486317701754416
da7fa747f59ca321b48b414b2f884d027bc961f8,7.179681079441031
dc87f8c4ae8953d2d0bcaf1a08239547d77cdee8,8.07599751356472
8e3a076971fce919b1a5a0bc62dcef86264a1c24,8.283488687369822
987888aba1d68d84a51fcfef4131d649024e0aec,7.958748973882905
c3635fc4a7b4545fc6df8dcad81f86d1e08c66cc,7.95024131516921
8ef9f17bb904f437ec0a9849d820ed0f86843517,7.235954114921489
addfbcc77f77c6c80cc3e55261cec181722e68cb,8.038324015858036
ca84b66fa8d2c26e91bcd21dea081bb062e51711,8.55223658727215
b80a4c674f6640d304722f4a92eb9b47345f1258,7.363731358385582
a3c251eb71ac7769282f383672f19d3cf66f1b04,8.189044780939541
f2c6f4d1250f2570b4dc5edfa7d0952ec4b7194f,7.990779619443053
be7b5a55c3a0343bda6a2a6ad09c5cfe8714b27f,8.261655742717817
a593667aa30cd094ca66d70dbb5ee98fc64d38f0,8.093750943469091
c67df30ae6cf151f19df3e36d15f0361619ed47a,7.946035607350465
bf9e4a55173e6e65b88bbf4f18744ea043b07ed6,7.9987040947732835
df1a661311bcb75b3b3c258c46ab75819bd6d249,8.53949177422806
a60f543d315ec120d2f433cdccc19342c9c3be02,7.673913743507634
aeae992591ef4a9423528eb6029301cbd29daff5,8.251221456173923
b002ea316ac314e47c6aceffd6583bd300962387,8.03681671917895
eaffaa19471bbf9bba8fa5808dd0904474089ae7,8.259073804909987
bdc3fba009b4d570355de5bfedfb6766746789ce,8.500878883185226
97469bc8eac2e4fd57266fa9821a50561a4d8473,8.392920522716109
fe659e147194c97b69278c8effb4041297398009,7.699883784686754
91ccfc470d803af51ecbb91da39db5592e3a3324,8.22669804019369
dcf7777f614c11ed45f8ff82f2c44d7dd15889af,7.947053319470346
8b2735093e532de21b7aabee43b9c76278bdd5cb,8.08462506602347
fe4316169ee8c83567ebc52bc629912ff65f14b6,8.341274258823235
9a8ad4a46036cc65da3ce25da0a1b9e70f979655,7.949514508753165
f1fb0a22c3c46fe87eaf8bdd97d80ed51436f782,7.351036166022732
e299749491b5a979701f0dedd4467ed53aaf7c7c,7.674829163626174
9deeecfc873e74ca5ef8b27fb6b22bf7a536ab86,7.300352320363281
f382c8f54d9fc494b6d8cc0751f694f0acbddca2,7.325729323738841
884afc60bb87e1f0d85311221487273fc5d13d13,7.779711377797279
add21f371c1ade0e82ccdacf7ce016dc151a6968,7.298700115086388
ad77e6368d86e38cbf14a33770ca16b204522863,7.772942464719937
a57d3a31b965e00aa208f4d499c0b3637f759838,8.07934356734375
dd98462b95687767f50edcdc4758ff5237c0bcff,8.323043705028015
f7ce1b89f61b8a40a961d7fee02ea31d4b27583a,8.30183948858522
ce5a9a38579b80879f4de53eaab2d0083b685d62,8.1031217976726
f4984561cc406867aa796356b6bf10a2091e67fe,7.435914195501482
92e2b243f8ca7bf1ce773bedf8205980f034ff05,8.173382316349489
b8b78832d415b2137aaa400ec638ca3828510a71,7.701680863800958
b4742d304d9cd4891aac3cedf5905676e9fcc9d5,7.6697116371901055
c1287b2f156f6963bdda82942a95288967e9422b,7.679368672322727
ef5d4cc5cd7a9d46f3e31572d97bd52423bae4e0,7.340554133870885
ebdfeac0c48444c5f4fd377145b2d97e12c78cac,7.910862236778399
f01795183fd859bc35b074c06fd58b5e6623fb03,7.6207177356032
ca01f93cb3384006f7af5de96bc25f924ad8bd14,7.1579379007372195
c9c9df2ea1ddcc10cc57d4e1d92b2f8b33d94538,7.597740203873751
d982afe8253215b9a75464a85bb061d5d5f7975a,7.640957468634072
a99c3a5ba8f7e25ea61f79dd74cb89d6d8bf8a43,7.58020166878056
b459886eb6e03f683c364b338a5c2f4776391dbc,7.615721104292243
add17ba1901ea9804a604aeed6ebe191d784785d,7.8299886720633465
c757c72ff79910b22c548daf9067d6a682bdbb4b,8.895202183396623
d8cb6954aff8cc17b05a205c949f36b46493eb8b,7.744138230418484
a832f98e370c27f9fbc8e0caec05700a96e89a4e,7.277190455150815
d5cc23d9ca216f0f8c6e5ada7c4e3284a3920958,7.8273955214800495
8fa7abd9421e396273c3571b177340434fc132f6,7.436785932995787
fbf5d7997f35a05b4f296b7b70b08866c13db856,7.25975623575174
c6e9fd605b75a5090b1879635a6db8da08b8a600,7.168141463633666
a576ed0ff4b19b2c864b2c489227a491ac670b84,7.465701208215734
de163edff457321dc540b375c7b316c7f9fe73cf,7.791711024611932
92a1cd997867a6115b3d079903e63aba8dd214cf,7.8176274373537336
aa01429991aa756b651364d54b7b28c2bfeb6c3c,7.650037212320944
ff3fa2ec64294f37ae968159f810ebeda7966c51,7.693738528716826
f7875ec1207504a229cd9b5ca132437c6bdd6a4d,7.491787693085155
da37e77368c2bd5a7a9792749fd6ed83e05e2515,7.771532486727399
dfc34f90e58f60b101c824e10d74b8ad0c46a2cf,7.795463351375639
ba0b274a12a5891f98da7f012d4c757aeb822917,7.821444778785736
e73e06dbdc983d0a3ccccdf754b85603dd0818e7,8.500814337785208
a05a86b21a7d5922fed8c50f36d307ed7a8cc70b,7.495759647162874
87322721181928972ce2b67242f61ff23275f3dd,7.830176291432723
c001ef5d0a98bae288e504e13db2f1d4533021f5,8.08911519947856
a07cb417ba30c0e4d8cc3831f093740ece8be01d,8.345988869695562
87ce4212940578f8ab9aaab4616b104ab515d4e9,8.451297434478892
d2491eb9351f861cdcd439fd5d73883a6d681d6a,8.169486156790882
9871e11a3a4574e6b565733fe3e565f13d670744,7.730217239716548
a30f91cf4dd6e15b62a675de5087a6db82d61f51,8.139406214825335
ccc7600e812ec5b6e75a9b4e2b04f00a48d1a9dd,8.421714158322894
aa2166a08738eb1a62d78686cce70fc5572d0607,8.110291177610415
db4c010c135d84c00fee816a085360bca2537594,8.024396748006845
8531dba6dd1818a4e3f3ba5e355e1e5ea9276afe,7.379274048560998
951b5bb9ecd6593cecd2bd72fdf62a0785bd3b3b,7.983071375009634
bca16481f37f3534abb04344ef1855b0e56140e3,7.98316711760907
f679eb92d1581b842e213a6d2a8a74a0b9ede984,7.43046794636147
df15664e980175f8ee9ea6687b81c59f3139406f,8.411195408849489
bd53f29596985f567c39329a8f8da5100810f0fd,7.73402555207271
cb713a14e9dcf23999265a8826e204beb646626b,7.153776115509601
fab22b3c9fd685c26953a5ffe073c4aa2a788c7a,7.314306597634702
8674a295a4ae610ccd77b60cbaa692db6a875761,8.158838136933367
bdefe60060197430834e27ee0ecc1d775f5e2b89,8.125336933259272
9f605b4802c811805adc38ae19035ded09a5e4b5,8.406119546607181
dbc27d6c8a04413d73a885a7b2c2d8db605504fe,7.9978113345126784
c15e04639eb35379bc74fd289f38b1c9d21e2278,8.309468275936258
a65549b33ec5839c95aa1e9c2e50f74685ad7cc5,7.067594571356006
89b7eb7ce1dccd4f6a7eb59017ac455cf1e57766,7.883067157088659
c308727c618e21c478dba676bcea9d040d179f99,7.953188018486076
eb46bad8df84ccc42fb7bc9cc3a218247777367e,7.473210238291678
c787e77b224890e7fdcc8e2ca0c0577657d98581,7.4998961299289935
94ec21d59f07c2091e0359a0085fa6c569ed30c4,8.236861402283205
ec62a3c21a4a116991338ac88863dff35157a1a7,8.03859511393909
9081ee605de7c5e739569f3f829cba953cb918f4,8.452950865368706
e2670654203c6b5aa850edf95ea9e293939963fd,8.459260132129073
a75958bf7ddea02d2c0d5a300c83abfe240f3552,8.074483962495487
c484db51bb8e5e6218578a71ca541b135c2aa1ff,7.93440178885898
bda97a680a69285ab84aefb75abb53676e7f6b55,7.774585670266613
f2efe01b5b7d2613529468857009a02a3cc820b6,7.556244618386351
ac7569c6eb788ec3ca408850d164b68f73bb148b,8.334708585491539
911315669fafba0a06cdbf08da7cff7e81f49759,8.038691133176297
ac6104bfab84b79b7ff1f01c576e2b7442988f38,8.308645600233437
89cd14d1bb26c559102e9080a85ffa977cde7fda,8.057027234258808
e90cd427d5e229999107e56e3f06953f3108635a,7.4106373259685405
a130e19ad47a6849ba0261a7a81a8d9bb93f3a7a,7.932890205303807
baccf806cbacabe5f3a91ecd093cf36b4db436a6,7.4770477529212105
c6b1b85455fc8ae7de258ff95875644d77f55254,8.015105392620743
b7ea6b3de19afe8e98d52228dfcc3f3027f18891,7.903014532613389
c2dc9b42636e453c1ad8e7a5e490654d39dc303b,7.558731141189684
cfe97f961ec4d2fc578ef0aaf87f52c54a9aa181,8.308402187903893
c4dc23da121e0654017198804449e35b2e9c2027,7.2158007061433524
ea79d40b446a3660b4d0b01e53fc4a14bc18f60e,8.24885623315652
b51b95c923fbe5e4f47342faa554cacb44477016,7.663301814642851
b0f303b4bc78b12a467c465db3b050425eadbf64,8.307801873009542
ef02ce9a2a904477907fe9135cdcbf1652180d31,8.473463087343818
908ccf9bf5e0e7ab597a09fa19d91b1a5563b43b,7.714119056040486
cd2cc30c2a3c6b967fc897beaeae9d3482163a21,8.54798866056815
e460fd665c3f541f48ac4503abf2e90b9bbb3b94,7.8178254472614475
f77371745c51f549f9a641110e52f255aaed0f10,7.365111818658839
9938999e257ea21c657f6c63ff386937544987aa,7.674913332697478
a05ee87ddc674ddf01518fe125eaeec0820ea53e,8.030902136000016
913eb5b320c3f4b475e8064303960997b0dd7a9f,7.67831612814077
e9a8e1a87eb55c0dc1787fcaed22be98d9cc1ed0,8.430689317339146
8b43c7696dc13421431102cb4385363ee33513e0,8.169415441060707
a99ed97ee0e4d81fc9a8a5a5baaba5407a897b84,7.519699541546325
8d9b19c2ff7d630d2d48932f3c1d35aaa97ad51f,8.236929929353552
920523a6f06947927c3d1b9c2c902fae6eb740a1,8.342333869419544
9d549d02a71100ae95cf02deb371138097549edc,7.511753041774274
8c5d6de5fca9e769de9676c911d9e082ec1a9fb4,7.365153516759957
8968e2c95fd09b05d48b4b094529d54d06bf6da5,8.490775744639945
f8da0aad0792d4f2d30881abdbfd4029dc264842,7.399242385948878
cf6788dceae33f7826997b7fa99b5189cff1aa4d,7.699536902502491
908365770c09838aa1bc1874bf3915779910e775,7.770574917625821
d4a5c57c98a9d8e16b1dd93042d22cc422772b0d,7.528866152525592
c195c2ea359350b81a96211ccb40d03fb0501e7d,7.635699067896347
c8332f72a4f6049ef2f28e4a0fcbde9d142c8591,7.760671210909953
c0c13857d74703fa66da743d1d670bc2b9957f7b,8.210968291739665
89d4e10b3c250c027e108d10ebc00bda239e7e39,8.304142491522773
fcdf51cf37b314ebc57038046b859b3172117f4f,7.807941555850018
cdea6ad7a63edbcba925717a8c64328c255a0450,8.036292648754669
859c3b6fce7256abf5acfef957e6c04134c01e4b,8.201512836978752
911f5eafac3def56e71836d495b740cd059edbcf,8.075989463029112
f8526194e3d9450a847706ea1c474c9e1a65a3a4,7.700434969193548
85838695003ef753ce13327655b84defa54d6eae,8.64307853448017
d8cc02c7b6d2478b9f6d47664272c43801d6d9a9,8.418058033139452
bbf7f2c725fe4c3e0eb56d29707437d1603b1c56,7.973559761664743
e92f3d3e5a00b7767c239cac14b6d9fe92d5ef9b,8.672163533055734
8bf27a767fce0a5fb359059183d06e01d62dca8c,7.587014286020748
84b6b2d70924066c8345f2bc2281791ae3188da2,7.505356065633045
d3de05492e2353a5f3a80b5ea37a6de4651923fe,8.189134546199906
85bebedd9d4605ff6823f6f25c761e64a588bf22,7.570318961896028
c2ca84eba451533cc357b9c82cdc4c59227ee38d,7.902208314700109
b03084cbf44b7fc100db518a5ff7ef7e9924c260,7.946191830352744
970dc7689a54be2108e10cf65af78d85288b64e9,8.12285613075502
f94ac320b67f53eb86a68cf30fcced221092e7fa,8.15033758572437
baa9b5294556d31b066df7e0dd8b1b0b1a8bb9f2,8.15527108073921
917f1aba835e5d7e79fc124c1d7a3c8c2588cf8b,7.522548800412574
95c2c72faa0bcedf9452be96511b7ab488754e77,7.770083241120916
9167062812b68b140da9de7f824ec6131ef31a01,7.581265093715302
c41c79391cd0c8816cebc9a0b4ef1fcc5c2e4018,8.593322194658956
ce3ad9b28ad26a494e6a196c110ca405402f3e9b,8.238903846791551
cc818564efabc759f8cfd2e978029ff6125406cf,7.737884396656206
cd2b912e4a3d661cd4f500287d3bf1b4f444b7bd,7.541228690574285
85bf028205803eb9b1e5494c540ddd2938606606,7.884522824205184
e7d0678e66dad824da63837b53bb0bb38a571f42,7.1198956717251765
abae080e558fbbcf25131d47ef3dbea697548f14,8.552560933442088
ddffb03cf0301334f5a2f89626640fa8812bde5c,7.683363756099956
db7c4fbff4eaf7b21678b8b053a0c3dcd74dd2b1,7.701891668277448
badea8134ecf83e912ac6628ec12465e227c1e6a,7.812541252627875
c3127c3c92a3d510a78a5248b4e7fac50ab81e0b,8.389572766738203
9b788cef19b68860b4cba1f072cfc4744e6610b7,7.473657122453875
afc376cc4bc5460a941a5d21f91d19f159cdf490,7.438338251937964
c52fc84d8cd2335788c472ff6fa6b3aaaa8f2252,8.058023417672567
c2da78b847fbfac6920b3c5a2086c79b3a2db8f7,8.544128952026917
aa8e2b08e043c6d844c28cb004a224615af29e90,7.305571453989945
bec0491f541a76e4fa31e17842bc573c812cb528,6.766722800657532
9843de5b71377fd3392db81e3178e11bbe90d95c,8.239743779611343
c846650d2b1b4a07f67e13c5aa56c15185f81f15,8.368506476100553
af744dfd0234f2b89d667f962f13cff1b5d0c9e0,7.811671803225025
84a17972cc6d29489bbe205a9e7feb8745726fbc,6.946061262845961
a4a81c655f21aac65297532528cba5a28e8f5ab1,6.832817391999092
d4a08e7df54afbd81401faf2e0349e88ed7fc2d9,7.698858665392602
a6bd1b3de6ceb8be610c33e3a0e4a89350700984,7.7465019252591425
eb83b2280e41f55da33ed81e62d7b8ebba9a93f8,7.871391510720649
ce2f2072bf32af4582a24726936af34f88225213,8.596990593367046
c667e08eaa5cf47dba38ac81da9c185659db42c2,8.097940462302825
ed8ffb58d172827f17d1abead83d9b8c44b554df,7.952135080878232
b7931b60e23916058a5767895b9214dac7a6515e,8.107663900072906
e3b9460f9a4bd3f4a5243f388246084f41e0dab2,7.37729306626045
c0b8f55536e05f6da91c3b65ddfb69dc8daa12e9,8.018227851883708
f97b1dbd007f20fea2e262e62433e01ae91da602,7.953059813479209
ab7c842d24cac25a1a3852cce506ca92cb8ed428,6.996801881945922
c69dcaf9e10f52b187b13e678f9fe65505167720,7.968821587608115
99751d158308f801241e028eb7c6b0363fc6ec88,8.277551277829593
9d053bdf589efd451ff25e1977e438b11122e0fa,8.135076520181594
9cb2a2853cd6c58a9b7d07a87ef3138c3cf723b8,7.489653633424849
98cafa82b3e7f1a3a179c62509778cf9290ca87c,8.239529951678954
9db80a153d642e12571588fd68473c6e307195df,8.150528246719075
87752697bce404c9b410be71a45e76f3c7fc9392,8.04060166393687
980f92c1ca3d1d662e790e884a1bafb6785dfe45,7.783377507583623
9ec591a707f8d7eaaa8b43b6faa23292511ffef3,7.640846586170015
cb0f9c7be617b2bd18ae83ee9e85b621cabda67c,7.706912166568139
a52c67c0bc1c6ae7da7c6e4d38cc7ac5a869ed39,7.970928277832504
af124b723c6d0d777c60479978e8da661b34bc2a,8.376356054910195
9981528e7324f2d92c27f163b5d0424a07f94b67,8.364850695900948
eadbb37222d32232022838b7765dea96bf38e0f6,7.130533873793532
8d65a433657534866907ca34885953c36951db06,7.865376825889339
e7b94e593e93b6fe31083393cff1d63ca2142b64,7.815107520986296
d06025e3b7e91bb8718335f7328466206060faee,8.321129584692326
af8cb88c604c245257dfd33607bcb87cd357d3c9,7.234275392974853
f2418c1ba0f63cb975e6d8c26ce4a145b11ad924,8.08766739087763
d66918b05a4d978f6aa15979c85902d09babc898,7.8612736036957465
96013c7ce1186c9a18f5127959bb867243b1b9f2,7.523876672164508
f78599d53dcb621a631b8dbc0feb5dd63e2aedd3,7.951652928504784
9a7c94325cf12595e72895187822c354cd8ef458,8.716897891069468
f3a603f5ad05ee8b8374af6523467f1ee058959e,8.492556127680297
e3919de46ecd1f707451dad4a1ac88e5b7403f11,7.584308576405113
e6900f649459ddbd9ee38b93582378162c8d77ac,8.302468152271764
ab2a1e43f425b67817553405c41c09a9bcb0e9c4,7.623906953434395
8b3f8cb80815c489e6278cfc1a371b3bee3f6e1e,8.137844465232286
d4707fc4aa22e29062e02639a1b8c9f7ba3e6b65,8.136230319780092
8a97d52d61d704e77f82fd7f1161d98054f48f25,7.965459294006333
9c4e901d499220d23e819ffe0156ef62c7bcfdbc,8.184104246929346
ff12d6e2ab80696ed8e22fbe5497e96c68d29076,8.119848592946504
eee2c3c453eb64f9c327f09e83be35ef36528101,7.680682640456804
999704c760821f39257d453f58ae57cdc5db7cee,8.203516026089563
f42621bb38f167d2de3d662cbe897f5fd1234aa3,8.232376307121294
d7af1840c8914a381ffae4617c33ab76833d9513,7.738701740227892
b52028ddeb0e0289019154f32e763393f83a30a9,7.837624402571836
b2b334fbcfc12bdf6bba8dc45aa8ade3ddb746aa,7.902149169422795
f1302a0b13ef669e0d797c1d4106355cc43f7144,7.596886818964676
a0ec1fa9ef85571c363b1ff524a7bccd583b0ee2,7.546971525861072
f861873a2af44519d0c30b7b390257e28084c360,8.193100185933115
9c8c8ca8e36d83954ecf380f84b01759c8363df6,8.125090435169534
9906fd2917a481b373848f6d084228f34ace63a4,8.079049632500999
a211065a6e065d2421b924d4e9314f1026611aa2,7.036817382515998
ddc549a4ced606b9181bc2e6e0bb75824fc20f70,8.844221084476352
92f51b59f25a16e76b18441fbe797a2fa2a5d3b5,8.291344000654588
ebe0702c8a0d906044fbc61cf18d3f8dc9aacef9,8.227973577673689
89521736c16fbbd86315c3f3c555132aee8896ae,6.798876721007008
b1e8855867b91eadecefd05a09f101799008b8c7,7.989537887842102
aba3f0810ff4abb82c285780965735f59dffc070,8.270575843724943
f126cb73dbad037e40b322f82b6f40e92a15a595,7.677200133945826
be6f4f4f657c80883591c6749a7951f9c992e4b9,8.522211385127603
aa1696aba3e93761b292c97c68bb0e06bb2f537d,7.728216156876806
ea8f19a7914d05412dc4159108d93d42a675e2e8,8.038691133176297
952c0daa0b72620df1288d516f0a2abeb5b3986d,6.70278468135203
adf4cd4036fe7649e15bbc8379f224685017b379,7.708925137249367
8f7402db46b9b2a95aaa8282be9e471a3ee659ba,7.8941068630643425
df42fc345b50f42b32dc5f9df420978b1cda663d,8.604126826372882
af618fc07f8f8c9e1697d7e8ce5cea9dd4ddee00,7.8453376473165575
cee41e969faac5fdd054a726b10fb09228eb7061,8.133492561800818
e7cef9ca74dbf2dc906e3216004a1b5e6a96e241,7.899765855126155
a9da415ddd0567c5995957b2239621158a4521f1,7.843527049152304
9f8f3fbc1f6d3f36859a33054203c55d028c6e65,7.030894681475734
d5155526fe2b5c2b956687b34d478647ef6bd092,8.018476026902068
c352dbabae85680f4ce4ebf67886666ce47edade,7.562013771876177
db5924e7ed00c9136308999827d50dbcecae5091,7.351146869507044
c3bf932c28538beb5024e80bd06e09c44661c8f7,8.15420721308845
eda32ee9ebe79ae7f85927db19cadc6199752dfd,8.170370436605587
d0f28e44db91cce7caff1db428643300dfb3392f,8.156868886176973
c162ce77f4002856b569f63b1e2b58ccd6d961e2,7.977292400395596
b6de7562a3dfc6522d1d9f86967f5159e3f2f090,7.646355872688941
8b557374000feae5ac9aee7b4078bfea53176ffc,7.776551544877135
a5aef107fcfe6b7323ead96aed8ef74a69efe042,8.171260508492521
bfe7f84ef78bc0134134fcb799465996fa84e4b0,8.596797643427099
bba75421c48ff666a96646bd283072492fc712ea,7.4459842844927815
df8fb59599b421d91967aa7d053fa72e91e4f6fb,8.50040399382373
9eef5b76500d606c0ace08b9cd3ee9403e9e9664,8.306670667453673
8e20affd5aca29391f582b7dd756c83205297c11,7.70120529633673
cac291a9658d7ef15e1ef0c71b188d96eec19ad0,8.033433264841145
e45204eccdaf94faa580c54b1fe1289c97b1f56c,7.703868115034023
be40efffa2a2ea77d3d2fb0cf1f8dd6a8da2b287,6.944037243805224
b11c7371190aaf26293afea3ba2146f21205f73f,7.63109193102002
f4c3f24024c2e96ed13a845b5ad7213143844d9f,8.478965582586193
c87d4a1dca2349d1fbdff1c6d6a57708c1df793e,8.588507426348317
9c59b505cc82ae66d54df9629666137c9527e56d,7.759056726240442
d615e34b407b1816d1ae062d56a466c1d17b68ae,8.532860754846004
d68718e7e9140ca136bf5e39efd7c122632ebba2,7.885875594765475
bbb7c8095658b847103c47aa2a4b55440b0e9ffe,8.432452028669923
bc1f0dc5b937d54fa64e44c1e4e0de0e5a4724c1,7.6670812294945465
ad3d8c094d5606a8005bb22a4cf910e497a03224,7.260177315504581
8aea6c59a11267f4143312770b4c84a2be56f353,7.938375492119925
cf5422ab2f6793f4d5930d2901e652ed7dadac9d,8.208344073400339
8576d2d269326a29503a1763996227723fa531a7,8.498786237580697
cd1c8085cc77aaebd3c527b4ecae7e9150ce0d77,7.872011067902792
e2d88e3ad6275b7eca2bff120e467f9158b29fc5,7.483720930071115
9e4c480f54169dd91629ec30917139f2b16bf6b3,7.845159377954202
c0986547994c0c40ee739f045a02e1ce427ec132,7.3514971298490135
91eb4058d0937eb5499d0f6b2a8dbae6f47eddf9,7.848746422951575
892240639d1170ec0f4bb6248ba3e9bd390ed089,7.888936829618091
87b3a5eca0c70c7828168756cd7813cc8b3285bd,8.655863090235234
c32840e4bedac9715b49ce3f04b3dedb98007cfe,7.5782098449216
aef76b2d6bbd67cf3aac958965862b263c50d4e6,7.440704113589897
fcd6e54df612c033e7a465155046b5223ca4eee3,7.04787939007173
a50e88cb6830931dd1271dfc49b3497d63bd436b,8.078472045065226
9bbf52d74e4300842b27973d5e1d65a74c54c1b9,7.807340768131636
b7297bd49e99532695b6290f29fac82928f9e03d,8.701435483865264
c047e3345530b4b4634715536ac54cec9c756b66,8.736594040594703
d023d3790457d12ac59581326aff1a396b206d09,7.9894839923279495
c2ac862e74879f4b60191f0bb1397eff1e157c8b,6.996971059802945
8960e95f79cd20b46b7e8fd09d0aa88015566a9a,7.6784861500066555
ca3bb5c80bd96ba545e0a42232c6fcdb55f7106a,7.963127480205218
e20abeea371227f8a6318491ca3c0211afbdc1a1,7.533769009524889
e40337a34c269120bffcc76e69700d06f6d716ce,8.316624759610107
f639cf4aa4008b2bf51b274cc01dede03666150e,8.116516758743002
b729f209cdcbb802e5f6f16fd902793131660968,8.265072071214123
f05838da14ca1dad97a5cc0c58323c6df9153257,7.792392500284016
b0718e2faa64ff947c0ba9e9516616b44c8f4a5d,7.872714036053865
cc8edf9c827fef5ead4c85eabf96ca7033ddf165,8.128782676847962
d37f552ad5c3e1e1c3fc9aebbea6cf50e1b9f334,7.86098334229662
ab4899d3252b533827ab7d15261b9edb38cf0a7a,7.787209817855537
a244f431e70a9d4c780ac6914b564d98c04ac7ff,7.121098527207861
d94808bbe3e5b3ffc39c8d68e0eed70929c70762,7.078993632007327
c0d3079f5b83f8962c439707b96c7ee43be2ca18,7.162492887538949
a11fcd52b2df310a3f3bf8e0561a2c587005e96d,8.509374094024222
dea33f83f3cd94f54f1063a0cd22eab07ec8d3cd,8.258536145071037
ffe872165621d735a48bb5db0c71dd5195cba359,7.9322361088938
d4ca57e34b4e28a3a0c73339e0c72db036894d3a,7.490037967180701
f947938c0e7c1345a488d9f17a74331ca6f478dc,8.301587485486738
f3d6d22e76fc586bffc4f5ac1d73f096f03efa0f,7.722911980865052
cf4bc843e5bd6ba302b1289af66f383b0329d6bf,7.178437638225437
87e4a8d6efab19e147f510e9b5d10c0d0ff5845e,7.442285138248693
e8335df6f0ac481c6ac16096889c51cb95ab2f6c,8.431258520411411
ec7d2ce8cce8253208e8d0ae74991b46ce2eadf0,7.878662182079757
ea55b410ce0e38664c6597e4bfa09fce84399461,7.785055580420689
8819c6723e6d42ad569274ebe2ce4212fd8621c4,8.09954582810599
f5674c61e82766371ddd913c99e6b70414f4dd55,8.532324707759004
9038ddd6c0d498cb8c65b4510e99e8527eabd40c,8.196378278369814
aa8508f6aa7e91da7efc770fc0e04c471463ffeb,7.346227611746543
86adc493a1cc74328222a194a1d1e3adf098b5c8,7.828875971600749
edcb11b4746d7b8056929a37a11e81b0fe3202c9,7.593313814530486
962de82430c78164a7c1cceffdfe31dd0f3c3cd3,7.523993750701145
c8944ded19113906cf130904726028c5c1a11138,8.050853275613738
e4935a868e50ec1951f892af50e2f5886c935919,7.254436018953821
feb8a2859a011c59efd22ed419cb69288fe03627,7.946410383720366
bb6bcc05d3ef04c14c73ce93dad8c9ea60f5297b,7.8168221611487345
c9d7b86399869ced995a6e467a257c3915339562,7.635785486654958
dbb0e3f3c32292438fbd39684d9f1ad153bba64a,7.715858319815316
d57eca033aa6388430166086ed3d0390ffefa85d,7.47347915724733
b75c5320a2ce606e7c46d1f82723e1e461f37a68,7.220676759436508
947a2e7cf57ae1a546f98831d861cd87c4fd5ff5,7.94765333093699
f5ede5df58c2ea59be6b8c8097659bb8c2e9d0e9,7.501174336509451
faab34a8374299678ccf4eaa3628cdba3b65bfa6,7.37316918178252
861075bc29124627aacce66a29c6dd835abcf3be,6.78598365042832
ee30201b0b1261fcb6cf010787990ec87343d300,7.8549578844472085
d7a319cabc8e30b748e2beca44fc575fc83197d3,7.699813541931632
eb001120a0f842e5bbfd786652695628bd65090c,8.531312410711399
b2c520e7e4ea03898e0b8204fea068149d5535c8,7.823572178564057
d0561a58b05777ad43db1e0627d8770d37c48d5e,7.415937853368941
a632e2659eb116c7514dd825ffaa8939365c71e2,8.218547121127328
d5179819718a325ee33fa2096f37995ea6cfea8c,8.09733969711993
aa2ad4e1f1035826e6351e1e801eb57c0b494267,8.179452239173846
67212308d026508fd5b6942ffbbdd7b0be2e89de,8.20597120745404
a6f3201e19df0a0fdf0a3d878d6a8d2e50eefc70,7.624743130677487
a7442b91887824d182c90cd82955b97a1404dc21,7.501135161550592
e25991f3bf474e9b542b09aef2407a78f3ffc61d,6.987155485041921
8fdb7157f90753735edf97fcc828b75e6a8042d6,8.652069900215077
b7047722486e995e27292b5ab1945d72ab5a3708,7.557660819138973
accf49bc7124b7fdffea9e75a869a597c4e8adce,7.534422705560977
ca6829e71c271976a4eeae12cbba5e49f232da3e,8.150532691420398
ea0a8f0b0b712337c3740e6ad5293f3dc47db568,8.026435954408178
adcfbf9c58d92335f9b971f6a9afd19d9feab214,7.78239803225431
c52befc118a44669cbf7912b419dfc433c1c0eee,7.554475480792485
c4f595ca17b4c13287b0beec0dbd45d0e356055b,8.106558220679457
f18c98fe93f825e2c01296bad47dc072ff70eef1,8.069149908971067
b3f68ef83acd623f98f4a03fc633905fb2a5b027,8.11809785739994
93bda77bd8d32e4fa1a0549b76f807fbc22f1f7f,8.71467065839565
909386947a62f62c8b94ddde0b623b87c01e2524,8.012784926801205
c2660985c0dbf52fe68f7d3620fffa6ff8f2794f,7.985439226209144
d8ad4586476ab6240c0ec83f3c12cd4cc7a8f622,8.06177771371059
c28a837bbc21a0b6ea686c34b12a7e6badbc9140,8.094907251941247
cc431fffd568a0d46d302233b4d71bd216fa94f3,7.93916638175828
90d54808ce52c41418550421c387818cae759dec,8.231167794542758
a9ccae25b9a8738fd3ce42dfb0fc5e92ca9b8d7f,7.81921723405887
8d0a196c1c472a4601384f4235f293c4a341b3a9,8.15302777450356
ed3e0c98995edeee0b0a55fe15929a82097e93fe,7.831771967585922
a62742a35ef9194f7da07e547fe13f99bb6257bd,7.910577528389682
e3c9abe5680cb3851ac38d00a01c46f58b6aaaeb,7.370285759517826
a74f9942a4bf89bc51a259bdd7f5427f1ccc82f8,7.804189683428391
b68533a39390311fdd9ca8baced33145784eb561,8.151535603634139
df90d9da415c30c25a16e21ca85638577961e81b,8.404489533673704
cd32daa7c1ff3ed117a127c9c185c1b53a396138,7.418545022943012
dace1e5b88ac51d7bd53523ad70f8d5d188b9368,7.403519187971871
f90fb4df43d85aad3ae9602aea19fdb4f47de984,8.284801452154957
d5e3e0d1ec5eae8e2fc08b9c3607cc766be6dffe,7.967030491942434
a274dc9836c18bf295e9e81afecbdd72825ea79c,7.677988222754557
a1d026f103e45011fefbfd9ddc32eedf16edd5f8,7.21769890022845
9de51c3306c206bfeaf41f4aafc8526300a9f103,8.112583678528868
dafd07b7aab7dad9894cee44cad55efc89255614,7.706575010051383
e15002a49ed03188f18c7a791c458c19d1ec973a,7.889269042363676
899bf68f741b96e69c8b1d6bf22fd86e00b7c00f,7.8189423583801885
b11bdeda44addd99b9b0cdc016fcd27262b51fdb,7.332576235327884
f7b65fa8dfbc07f71d9e206d1e1fd35b986cab65,7.453905328134486
ae84ba8c1585fe80b8d2cc991a9cc4af2921a2a2,8.685334740518002
f38238ea1bfa182b81a7d73d563b61dbf2825754,8.079825608578183
8ee77ba42fdd6aff7a9eaa84d70064c4cb39cdc2,7.311637596144471
d84468682013517fdcb3506ee81783dcbdf3bad4,7.9603338060263304
b25340984452108c2928e20f412866a7dbf4646c,8.108440375809309
cfe62afe7795494a49cfaa46bdf17c38a3c0d284,8.606234498446753
e63a9cdc387a31ea563ecc24b20eb824a8c54ebb,7.977410745659591
a1b60c404f7df8f6f2695982048cac298567b821,8.299796245267931
f7e7c21b753521a3f4eb226d9c69d71214e183bd,8.474883888904717
b392a38d92631885c3b63500548976ac63518da7,7.6895020863313235
9e1f7de0fe95b78cc2236adb52b0420b382b40c3,7.485314573777028
b6535907c852434b9243df7a0e65f04d688d049f,7.367747063897216
8c6976c873d2ab3f4af9188a4189c46a032a53d5,7.905919810960973
f35248e9e95942a05313dda4f3a677705d8c651b,7.608981377560046
d13ea487552242f9c688d613dab06ea5b8a867a1,7.970040730941495
d11774bd10cd517b1cde216ca391e76efaf59b44,8.573556613209382
9a20834c7ddbbf82eff849ff8e4f321b856970de,8.547703580345996
fc83d8b4ec86934a2daa128311afedeb0ca5fd50,8.08599106165645
952e48fc51ee7afbd972a8305c2f22a80ce9ce92,7.596525653188967
cdfb7ea46096b2a49dd710ef5dfe7bb354cda15a,7.8180658468272854
ac018ab3a6242492006b3ca1e0c508abd1761538,8.324436600469495
e65a627881df5d3e0bfad77c56221d858da5ead0,8.202624733573414
ea7332c6a62cada8a8e85200ddb71fed941ce876,7.660351923298954
86a7e49131f2acbd350c4b0b9a2243838bd4e122,7.6854551189498554
921b990c548efb5620585b0fe3049ed43dfda903,8.02579966338449
a727c00002127704e5ae41a4a08948dc43b4aefc,7.662728347508443
8d811d7887c2c868b631a2bd296412bde2b49bae,7.5795332373155695
cb7cbbf59876001661704aca5fa8d70467f514a6,8.364700703676762
410357eb9129023509cfaf8d38be61c050bb3b05,6.823661409105938
bd81b591d06c4a726078a831c11516d6ee27541d,7.830055798292867
9b9216e586500b4d619e331890d3745eea1176b0,7.8245961765905765
b56069b7f468c9cb3ff1ed8830af52d4e2fe60c0,8.303128969998902
f01bb96987327c1dfec6ddbc980cfd85650f20d6,8.138027291313964
d0d3472fa981f90d8e6d036dea4bb627c73b6592,7.691594421850315
8d14518288c33c098206996aab23c31b3eefc864,6.9766630635845575
8dada7632816cb20f182c306ae74184ea9e056fb,7.302471390509676
e105dc9d8869af3a83704a5d048424441ce4ad01,8.1467958882696
d69d2c6bc916b8d054bd50f4270a1c6d8cca1426,8.339703351758885
bd18fefd95851483c8aab15987fec421f92523fb,7.73243082106777
aa953585f60c1f5711c6d5159abbcaafcc89eb77,8.30452870096641
e816ed48800359bfd078c1444a40e00be6fbb5bf,7.724493217430355
badf8b0a0c342afb7e1eecc4fb19feb7ed28e180,7.084066508717015
c072621681c71501470509aeb1c51e3f9f98df5e,8.060220080546134
cb16d181d96fc8c94f8416437c059b5f0aabded1,7.359442464454103
99935e2b7f9f41bd823ece5418896aaf72e223fc,8.471072179587306
e89a4f1825ece62064e95e63475769011258af36,8.293785866539725
9ec1ac8c3d812703485bee8d58b2a81f4edc8754,8.35995360580036
ad03c4fb44da8b106e362ef8c65fe2bf34a385d1,8.163951705893894
e04a53abed6db648ac01e162aad84ef8b608365b,7.871166241610179
d8550edf3efaf335a9648aec7584ab6acb55cf30,8.382387588676037
e67fff49031a4f2699f10d6a2dd89b4cafc70323,7.927744444884401
f944b947ec651ccf64807b644af38c6f04229bb7,7.549333915548691
e659bb37740950badc7fac606f227ba5f74fa866,8.15372396286878
ce56b4a23981e6c9f70e87f087bc1be07fdf25cd,8.303396351014271
e873b044ecba72370076d7fe198eeaad94bef3a1,7.2872368191498955
ecd66b9bbdcc6ae1eb9a6b765868cba3601730b6,7.653333662766928
c746678029d2139e7658a0f94e98bbf09f258673,6.94385570449403
9bc8e6286b7a331de79c4c4e868b806c0b3bb12a,8.241536687292367
a90b8415afe8507a36e7be7511fd36f1045418b7,6.8051274094522
bb603e54f5809d802fec4c70df7b2c29a5125a89,7.843123462917957
f492b1eb37bae60ab4597c161e7b67d9cc9e4dc6,8.12863462909967
dc5325f05ad384cacb2431acfa1f398913151afb,7.862543247088014
f459440c7a99294ca9763f332cd9aa09b0c280d6,7.738838831041865
994f5b5cdc8a126efbb290700caf797948ac1841,8.324500110407323
b041f9ef5ab6da232256530cf8e22c31ac99971d,8.501757906118296
88188301e8d3565c7f1e2cee1f9ab8794676216a,7.517037431595676
cb72cf616f3cafed458ef94be529c172bbcc5277,7.333452735579189
bf22fb15bf51bc4bcf3d50f7494caad62a596d0e,8.569091849684927
ce201bf315598feafcad345a663284bc266862c0,7.656355735023419
f9e06c04dc036b01f65e7f71a9201922f201dade,8.488343789510129
ae7e6756887c7c2d0e3d26bb83045d298dcb5ddd,7.7598812660124725
bb81a7f88631b987cd15c8d539e806ad17a5b664,7.716949372506068
d1e238d8cc58ceae3359c94b2a4a976a975fc9ac,7.831729193917563
f0be3049c99eb84be5aae5352c2f0ccf661e1f43,8.537121274531387
ededd47b1e0c18d4af4ad2b0cc21eebcb7c6e6b9,8.299254961396333
9d789185f1d5fb7bd42acd9d6dc1f5380fef1c4c,7.985503333450698
91f7019ee1831ead0e667cf264dfe7be6b743f3f,8.771302094477702
af12f06588c971f6425a28d61e4511bafff05bb7,7.8735093945820624
ae75c8309bea2f4a1b1624ce50d0994d5b4dc451,8.870895562279644
d73a15bdcce722312152f547cec67e8dd584a6a8,7.845114603551922
f9f4d4ef2a3de006bd037db9eb160ab8e51c79f2,8.875442909900142
f91758fe4f441cd4b7b053a03252b4c50f3d4737,8.315036058832828
e99d4fb3ef87d5e201da3b08841541fd953af089,8.034212360582595
d2ef78c03149ddfd267005d0dcd248adcc227e02,8.349560893409187
edd78ffaa7bc16d94ee6908b98b3d9863f492c89,7.470532524581314
88a694a270a460f5a09e1e8c569b036d03b9b5ea,8.063933245261111
ba37558e4c84bdb5486d1b3622b0ac7ed3d5222d,8.488809932329175
8ef999ab1a83c2760064ac6c7a4b6c4115c5a186,8.05246233654281
d92840812393583b0f053de80ecee59f5b19bc03,8.626491965723858
9cf5d1c0d7ddfd6b78c222e83894ca3a75ee47f2,8.23122304367798
92828f67b16f5e96ddb0d436aaa6f1193104c037,7.732294929510848
98903e3bc03971360097ad809526370f701ef5f7,7.181357006594435
d11e42daac68288eea95d8923771a326e667b520,7.777137603488701
b51687ca4edcbe2376bc3204617227bceb0a52c0,7.685607617187286
92213400df98f5441533511526206328cdde4159,7.736414647662153
8e5fc3c13f17c0502fe3f0a8404b461b46183f8a,8.123722200537166
b3946c98c388b721854634038fbd1820a7ff046d,8.188529825143172
ad57f4feb3cdcdfbb77d4ccd074d9ca50227661d,8.273312072745261
adc3882c435a390c34d34279b5528215928944df,8.278833477202133
b8e898c506ad360ead5d4fafe6651fadfed6645a,7.732391537312959
a10c5f4ba04fc56032719cc84184c0ad5b5f8446,7.196376972397007
e07c3edba3602b0d172c2db763539dfa9819027c,8.287091345567838
c3fdd44aeb469416e4895afe4040e54eebc23db5,7.572412817502192
f440f5463ae218aef17a60e9f2ffc7dbbc45dc54,7.850311238186458
f92e3ec921384713419dca56d1fe2be1d51f1b54,7.849331283087599
eaf60b6a377c720fa7a13f97831f38531047a217,7.89324263001284
f91b376092344f19705df8873d25aa4a34bafce6,7.732575154303774
bbaeaab91cec9991b4747c8ca3fba0981bf68ad5,7.531815797708402
9272bf390ef4a8e31a5285c14ec721495414c53a,7.652620150943795
d66c55f4502b462e88d4529dd6b4d167fd42d165,8.553582555853124
950671c7855e25bf4a8330768cabc430bee030c9,7.342003642201174
9d46769291771df99e8061cc9c5d79aacb087210,7.035344883090557
cbb7db3eb5270179fe8ebb9e73dde2c894c9a971,8.213215725293052
baae1f7bd8567b6f9e220cc863c92124fa71e1fe,8.03497334669713
cc1f8f78f5ef5237c717194b38699b168c265513,7.996645724575125
f4367a0ab2083a66a5fa812df89e590d3fd3b5a8,7.541729754421062
e85a79ca1bb1f59951efb5c25e40e0ee73985cdb,7.237604262223848
9b6d776d82bca421eb10bc4a1f5f866af7fc2a3d,8.371805494088024
9d69c1d50467997289ee1396002cd197883a2b74,7.5380014191694045
bc8caaa2729aa0c9179e8d66388586a4a8586f20,8.06358004832244
aa2288779d4ddfe46b3dcab170577d4f5096ab15,7.693635037333582
fb0a2834f5f131005e12dc1962056623ee6a7188,7.9217497055978185
9b4fd6bc9be128b294d3a8590bb6a146bc503902,7.091561067536247
f9491b0ab4aee90c428545e0e315a3af1f827595,8.389361135521392
b1179b71e93f6ccfe9702cc342e53c5c04d2cf60,7.758962067573181
cf8a26a2ce3ac2cfd81a1050e73bdc7a4cd225e0,7.402620423419759
8b158f3040b574b6d08148e24946fba8bbdc29ca,8.682905271225076
9d91374d67624389dacb4b429b8fa8c18442b29c,7.992943401798545
a24729ea6c4aab24a9d6dc73513113e8b8fcf35c,8.03588162287812
f4d9301713b16c13c174f19e18d0200175494a79,7.2255314852051375
b27862a2f9590331f29ffdc8f3648dec2a7a7d30,6.955171143446452
9c03af1da21c500de8e0a1be24e3c22d341961ca,7.2575481465574985
c8ea10d959a7c782b45e6e83040472d432fa448f,7.823235561574852
96d8f7656a57c4a757129d95863a463358a0c3ca,7.7754541558079415
dfdeea1cf0b4fb6c906a25d99aa5756efe14c996,8.280534732775488
9a5d7462df7a85794cd0d7d2c510ebf725d2e13d,8.319582291968363
ece9b75bda9d53b5a67f7bb53b5635a3df017020,7.6986793354583485
c4504ac02ad7e7e0c9ea3a1d78601374e483fc30,7.859469440900938
8ee958ba68793684a9962e1b60847d7b73d7c9d1,8.231090908718881
8ab396fa5981adcdc777254c57ea744f1fd4cd2c,8.169113369754816
bfb055d2c2ba396d5e6bd6022719b3ade1cd1407,7.145749948731035
c8bd30152ccbeebb18f9b1fedac0869f845980df,8.05036966149303
8f19ffb508b23f955b93ebd99153f8ec99025785,7.670831253480816
a94238b07de77bffd5189487ac3d56b96db7e09a,7.658459465258648
a819175c8808635fda7c3854536f82d90a7b31cf,7.011413122734193
f4a045088bd0003226023c10214248049d9da90f,8.128609763468603
e1d3226bcfad8043e69d31f3d76e719c7f041d3e,8.043814983165746
cee203ff00aaca3eaaef780ea6c4a68a3f8fd2fa,7.544877278099791
c21b13edbab3d247c8816a374ebb57ef71700952,7.565943993406823
a7e953186fda9e7bf8368e2d00a19d024f7db5c8,8.083504637478294
86d9a98ab0225d2c2faf6d51fe3b9fad194c3ce3,7.3310795378939195
cd6862158d54e5c270e8d4bed99f73f32a721e14,7.4624483839765
fef4a3263ed9a8ab14d457694bb8fd86ccd98312,8.758177519773676
9a6d7a470aab3fb51ab58261637c58c239ad804f,8.024750231083479
d6515d627895751c832a3075053719da2f5e6cef,7.875443302941671
a57e6a1dc883554789ef6049be9b51530a7aa207,7.762341572721846
c670d2529bab25c82fc7c3757cb11e7f2e404de8,8.371339532548978
c096fc1d9c0ad8efae9cfd509f75522c50603692,8.208376327970369
9cf17df2214b19cf4cd63df22b802afde8cb98eb,8.133554528922977
b9cfcb9ade5f88679b72a7977c50eaca7170206b,7.6421811405940305
f6c974c003c063735fb1afcba0aec50acdb89861,8.331758114314507
efcf2fbf26e74d0af378d96a168c8cdc05c42a84,8.228467533052468
92cea32d04d98c66af1c1366fe9811047a9b1cea,7.998963233738842
bdcfd5ee015db872058dc442ab9d3c72518366ff,8.074742459765131
93635a4013ec683f217cad90ca4e41aa557c3922,7.880980264975564
e0850b1bd8f8de58096da128ec94efbdf5f05ca8,8.050246733942885
c8a8565f00553a00a5d510958dc8c40a4a477783,8.136751494674895
f037357014544261767c6ab5b172b246b09d3ddb,7.694191358483142
edc5737211dd036ad81985e117aea3ab9cbc030a,7.19322277507633
e036815d3a8d88224e7e8a95c64ca031dd5b205f,7.021484113883939
a3748712b8685edb49cf966b7e662e1647503013,8.28545879756888
f6f5b15522aa9457158ec6d7a16caaacd6cbee42,7.702505736565363
b9db6bc5ded963759b9a1db58adbaad3314169d6,7.55641451245573
e95d7442ab6fb642a8c3529ef2fc8aa25a774e13,8.089617833954536
c20545cf079fcd100052faf6db21ee865023525f,8.04702297061307
9d12b920015fc145b62c73ca689e71a362e33b35,7.412763026325914
b152244728671db447c59ab0796fac9a423e1356,8.132901829561549
fe516d090eef192c93197ed87878da0e23908140,8.319072290643717
f59fe9b15a7762aa5ffb0653396da3f4f2536553,8.513052326673751
b6cb94c201726bd4e4dcadc007dba2c69933e0c1,8.06946781299711
aafa3b985fc5f4f1f6dbe50b8edc01713225dd2d,8.2168827002055
cf84076c807f395016eaee41297162276781b963,8.460947095103236
e85a95e2eddbdafe7db54351ce3680933e09d0a3,6.914143723124328
945546f9d4db4b9599e57ffd4271193406f0d96b,7.653479849864421
e58eaf39ea458008043bd1472f267706524f1fc2,8.233622146580846
9b0622ca034d946055f8590f554fde632487742f,7.745238725989102
df17da01944f34b2a6b59e8d45407c1297f9834a,8.281379617285685
9b536900fbffe20f4db747af055dec68b3ddb6ab,8.106558220679457
f156718d3970030deec27298f56fc78a00c00f5a,7.787869247994714
dade8cdd2806e1efa138e68d984abd0ab1c87ced,7.296854950261092
edc641c842df448a70ce315e00b6dd4461a260a9,7.89226367208947
8beffc1494bb81af08c352aea875a183e45bd824,8.174671413551877
a18783b2a14d61192a1b97ce3daca9e67cb8cd59,7.986101913072059
980a5ef7011a98b8fa55e5ac3d7ebce6f7784286,8.277900699652378
a688299300a50fed79edb502fb02fc503a564308,7.90991163079809
c45bf22121eaa2f37dfec2f58729d22394ea220a,7.9865012273434
88003ba023714648c4312658ad9a4b3703e56de0,7.786708295478428
934776ec5bd2147907362602555bd692fc56aab9,8.16625896110464
c13d9b5245d8fc600da9390192908048857599ea,8.062509283719105
add7a23a1b66010154da076a059216a13b90191a,8.057754962763246
e621f4d6991a537e4508648aa4c3fc278091ec1d,8.277187212896054
baf05c058d7a427783ab9bde33f38d55ae8ac0cb,7.4266347233184415
ea2f8736bbf1d859fb5b46f848db37f421181bd4,8.090609913289581
bc54069a859b02cf1b00e7ab77d68132f9021c8e,8.316808380266437
eb870373b64f0be961f503936f7a725fca60fb32,8.037322243389003
ef070fa973803bec505aeb6230acdd7a917e2a59,7.792267183237638
e13e39c815ec66160db3c75b7331dc1a0dd1d4ce,8.002408470167433
9aace874af47927645c48f21ffeb82f8e15f24e1,8.545049296945558
f86b9fba1d59be7c864d4f23d0c7674113a27cab,7.830794361998409
defaf0c38d68f9958bd180e1a709f130a999b2e6,7.742821137878733
eaad1484ffa24b01432fa3564a8635bda0b4c34c,7.86236350801879
c8d7193cba58a3bf26ba18f4ba5728c56ddcd4a3,8.35915586097278
ce892387ba13c6b526d18de003b62c1bfe4c125f,7.180927433401963
a5fbdd306fbe3003283cf2cb7ae4c371c9693290,7.7531311593234395
89cc639060f3d63cf21d893882e544497e32aeea,7.464895793514354
875e48fd13e52a01a4d48d745d72128f25b9ec81,8.601435260520413
f2d54f193cc71d429fd5803b2e4721d012afe568,8.447843563840093
fe31861a03511f91760de27adfb8803e8ad321b8,7.614258625965505
b2a46e3625d075ff330baf8e18019e1af424bc62,8.484897302844065
ac164aef8492a4d178d0704b602f0522512dd913,8.025963004412484
a40402ff4c87721e74766e6751bb458653b3e686,8.12939678710794
bd9bd34617afb5bf1f3ff27e575c4df427ac32dc,8.150865263944784
ab4e0b5338de7292c155831c4bd68a740ae6d05f,8.39646222017088
eb2a090421ba380ba6c0a8119510e031bc4e55ea,8.552488158375976
d08b1608a634fda68fd097f278ce9fd4ac24046a,7.986784120204802
b7289b3b24fd67017ed82f62a889b4c9a0fb5ba4,7.511966629185067
9a31bbe1021725b074357ae4668bed6eb7e46bc1,6.9848399049577
eb7470e41cb0d50314e9755be518f55b093a4975,8.326902820264863
a76e1891c401fc5f73f6942768488b1487533472,8.118952761779312
a5f22a73b7cb93619da1f3cbc56febec52b1c16e,7.137682851943239
851d9a4b9b8e236f2d62282ddf06fae57b7d9492,7.993041994321595
96ded661b95e3d4d3cf1c8d45aeae3b335224583,8.275833083920057
d20b8e96e5c520827768fe614961d0534c6f2680,8.099781291308547
cff1765d7a97d3f012a354586ccfd49fdaf6aa44,7.6465453128401215
f0d74f349e6479eaecf425634f8b0dd51e60d60c,8.634144004709919
d525d6edf4b0c6362ddaa4814c3930a6a62bdc99,7.63831653322307
b722e6209f2858faf0bf80947cadcbde586bb666,7.302665396689239
b45e8d507778dab56f381a681c453cbf4d3b4050,7.959585970618388
ea385e57f5d3d6841a6997dd7af680e135928bca,7.832909249050785
